team_id,arc_id,team_name
1,1,Team Z
2,1,Team Y
3,1,Team X
4,1,Team W
5,1,Team V
6,2,Team White
7,2,Team Red
8,3,Team World Five
9,4,Team A
10,4,Team B
11,4,Team C
12,5,Blue Lock Eleven
13,5,Japan U-20
14,6,Bastard München
15,6,FC Barcha
16,6,Manshine City
17,6,Ubers
18,6,Paris X Gen
