player_stat_id,player_id,arc_id,team_id,jersey_no,weapons,positions
1,12,6,16,[8],
2,29,1,3,[1],
3,6,6,15,[9],
4,113,1,3,[11],
5,9,2,6,[59],
6,9,4,11,[59],
7,9,6,18,[59],
8,49,1,2,[10],
9,40,5,12,"[69, 6, 10, 27]",
10,40,4,10,"[69, 6, 10, 27]",
11,40,2,7,"[69, 6, 10, 27]",
12,40,6,18,"[69, 6, 10, 27]",
13,36,5,12,"[23, 5, 15, 9]",
14,36,2,7,"[23, 5, 15, 9]",
15,36,4,11,"[23, 5, 15, 9]",
16,36,6,14,"[23, 5, 15, 9]",
17,100,6,14,"[4, 20]",
18,100,5,13,"[4, 20]",
19,101,7,19,"[10, 20]",
20,38,1,1,"[1, 101]",
21,30,1,4,[2],
22,120,6,14,"[8, 20]",
23,67,1,2,[1],
24,130,6,16,[9],
25,73,1,2,[9],
26,119,1,5,[1],
27,135,5,12,[22],
28,135,4,10,[22],
29,135,2,6,[22],
30,135,6,16,[22],
31,121,3,8,"[1, 10]",
32,61,6,17,"[2, 20, 9, 23]",
33,61,5,13,"[2, 20, 9, 23]",
34,110,6,14,[2],
35,127,4,10,[51],
36,127,2,7,[51],
37,127,6,16,[51],
38,13,6,17,[5],
39,78,6,18,[6],
40,4,1,2,[2],
41,58,1,3,[3],
42,102,5,12,"[11, 7]",
43,102,4,11,"[11, 7]",
44,102,6,16,"[11, 7]",
45,102,1,5,"[11, 7]",
46,102,2,6,"[11, 7]",
47,1,6,15,[7],
48,18,6,17,[4],
49,74,1,4,[4],
50,72,1,5,[3],
51,11,1,4,[9],
52,99,6,15,[77],
53,99,4,11,[77],
54,79,5,12,"[11, 15]",
55,79,1,1,"[11, 15]",
56,79,4,9,"[11, 15]",
57,79,6,14,"[11, 15]",
58,79,2,6,"[11, 15]",
59,79,2,7,"[11, 15]",
60,109,6,14,[1],
61,32,1,3,[7],
62,90,2,6,[19],
63,90,6,15,[19],
64,90,4,9,[19],
65,41,6,15,"[5, 20]",
66,41,5,13,"[5, 20]",
67,104,6,14,[3],
68,68,6,17,"[1, 20, 50]",
69,68,5,13,"[1, 20, 50]",
70,66,6,16,[2],
71,82,1,1,"[7, 104]",
72,87,5,12,"[8, 16, 7]",
73,87,6,15,"[8, 16, 7]",
74,87,4,11,"[8, 16, 7]",
75,87,1,1,"[8, 16, 7]",
76,87,4,9,"[8, 16, 7]",
77,87,2,6,"[8, 16, 7]",
78,87,2,7,"[8, 16, 7]",
79,97,1,3,[2],
80,124,5,12,"[13, 10, 18]",
81,124,4,10,"[13, 10, 18]",
82,124,1,3,"[13, 10, 18]",
83,124,6,17,"[13, 10, 18]",
84,124,2,6,"[13, 10, 18]",
85,124,2,7,"[13, 10, 18]",
86,93,2,7,[5],
87,93,6,17,[5],
88,93,4,11,[5],
89,14,6,17,[1],
90,136,6,16,[7],
91,7,4,9,"[111, 13, 20, 99]",
92,7,2,6,"[111, 13, 20, 99]",
93,7,5,13,"[111, 13, 20, 99]",
94,7,6,18,"[111, 13, 20, 99]",
95,77,6,17,[10],
96,137,5,13,"[8, 20]",
97,137,6,18,"[8, 20]",
98,91,6,14,[6],
99,22,6,14,[13],
100,131,3,8,[4],
101,50,1,3,[6],
102,134,1,4,[5],
103,64,6,18,[4],
104,92,1,1,"[2, 97]",
105,129,1,2,[11],
106,37,5,12,"[1, 10, 11, 9]",
107,37,4,9,"[1, 10, 11, 9]",
108,37,1,5,"[1, 10, 11, 9]",
109,37,2,7,"[1, 10, 11, 9]",
110,37,6,18,"[1, 10, 11, 9]",
111,53,1,2,[4],
112,42,6,15,[1],
113,111,6,15,[3],
114,133,5,12,[13],
115,133,6,17,[13],
116,133,2,7,[13],
117,133,4,9,[13],
118,107,3,8,[5],
119,105,1,5,[7],
120,27,5,12,"[10, 95, 22]",
121,27,4,10,"[10, 95, 22]",
122,27,1,1,"[10, 95, 22]",
123,27,6,14,"[10, 95, 22]",
124,27,2,7,"[10, 95, 22]",
125,115,5,12,"[2, 17]",
126,115,6,17,"[2, 17]",
127,115,2,7,"[2, 17]",
128,115,4,9,"[2, 17]",
129,62,6,15,[4],
130,122,3,8,[3],
131,3,1,5,[6],
132,10,6,15,"[7, 20]",
133,10,5,13,"[7, 20]",
134,15,6,15,"[6, 20]",
135,15,5,13,"[6, 20]",
136,34,1,2,[8],
137,47,5,12,"[33, 9, 13]",
138,47,4,10,"[33, 9, 13]",
139,47,6,15,"[33, 9, 13]",
140,47,2,7,"[33, 9, 13]",
141,114,1,4,"[10, 74]",
142,114,4,11,"[10, 74]",
143,114,6,16,"[10, 74]",
144,116,5,12,"[10, 53, 15, 29]",
145,116,4,11,"[10, 53, 15, 29]",
146,116,1,5,"[10, 53, 15, 29]",
147,116,2,6,"[10, 53, 15, 29]",
148,116,6,18,"[10, 53, 15, 29]",
149,106,4,9,[29],
150,106,2,7,[29],
151,106,6,16,[29],
152,84,6,14,[21],
153,19,1,4,[1],
154,76,6,16,[6],
155,52,4,10,[100],
156,52,2,6,[100],
157,52,6,16,[100],
158,43,1,4,[8],
159,24,1,5,[4],
160,88,1,5,[8],
161,2,1,2,[5],
162,31,1,3,[5],
163,20,5,12,"[4, 44, 9]",
164,20,1,1,"[4, 44, 9]",
165,20,6,16,"[4, 44, 9]",
166,20,2,6,"[4, 44, 9]",
167,20,2,7,"[4, 44, 9]",
168,96,1,4,[3],
169,5,5,12,"[4, 16]",
170,5,2,6,"[4, 16]",
171,5,6,14,"[4, 16]",
172,5,4,9,"[4, 16]",
173,95,5,12,"[7, 63, 3, 25]",
174,95,4,10,"[7, 63, 3, 25]",
175,95,1,2,"[7, 63, 3, 25]",
176,95,6,17,"[7, 63, 3, 25]",
177,95,2,7,"[7, 63, 3, 25]",
178,65,5,12,"[27, 16, 23]",
179,65,1,1,"[27, 16, 23]",
180,65,4,9,"[27, 16, 23]",
181,65,6,14,"[27, 16, 23]",
182,65,2,7,"[27, 16, 23]",
183,108,5,12,"[99, 77]",
184,108,2,6,"[99, 77]",
185,108,4,9,"[99, 77]",
186,108,6,18,"[99, 77]",
187,85,6,17,[55],
188,85,4,10,[55],
189,85,2,7,[55],
190,123,6,17,[2],
191,25,6,16,[5],
192,83,4,10,[98],
193,83,2,7,[98],
194,83,6,18,[98],
195,46,6,14,[7],
196,48,6,14,"[10, 11]",
197,57,6,17,[8],
198,103,5,12,"[21, 69]",
199,103,2,6,"[21, 69]",
200,103,6,14,"[21, 69]",
201,103,4,9,"[21, 69]",
202,28,5,12,"[6, 88, 1, 99]",
203,28,4,11,"[6, 88, 1, 99]",
204,28,1,1,"[6, 88, 1, 99]",
205,28,6,14,"[6, 88, 1, 99]",
206,28,2,7,"[6, 88, 1, 99]",
207,26,6,17,"[11, 20, 18]",
208,26,5,13,"[11, 20, 18]",
209,21,1,5,[5],
210,45,6,15,[9],
211,125,6,15,[2],
212,70,6,14,[4],
213,8,6,16,[1],
214,80,6,18,[3],
215,54,5,12,"[3, 22]",
216,54,2,7,"[3, 22]",
217,54,4,9,"[3, 22]",
218,54,6,18,"[3, 22]",
219,86,1,3,[9],
220,132,6,15,"[9, 20]",
221,132,5,13,"[9, 20]",
222,60,6,14,[5],
223,51,2,7,"[5, 38]",
224,51,1,1,"[5, 38]",
225,126,5,12,"[13, 108]",
226,126,1,1,"[13, 108]",
227,126,4,9,"[13, 108]",
228,126,2,6,"[13, 108]",
229,126,6,14,"[13, 108]",
230,35,1,2,[3],
231,33,6,16,[3],
232,89,1,4,[11],
233,55,2,6,[20],
234,55,4,10,[20],
235,55,6,15,[20],
236,117,6,17,[6],
237,98,5,13,"[3, 20]",
238,98,6,16,"[3, 20]",
239,81,1,4,[7],
240,63,1,3,[8],
241,75,7,19,[2],
242,75,3,8,[2],
243,118,6,15,[5],
244,44,6,16,[5],
245,16,1,4,[6],
246,23,1,3,[4],
247,94,6,18,[8],
248,69,6,15,[10],
249,112,1,5,[2],
250,56,1,2,[6],
251,71,5,12,"[14, 9, 10]",
252,71,4,11,"[14, 9, 10]",
253,71,6,16,"[14, 9, 10]",
254,71,1,5,"[14, 9, 10]",
255,71,2,7,"[14, 9, 10]",
256,39,2,7,"[9, 50]",
257,39,1,1,"[9, 50]",
